Subject,Phase,State,Choice,Reward,Stay,Trial,Task,k,t
0,learn,high,0,1,-1,0,1,0,1
0,learn,high,1,1,0,1,1,1,3
0,learn,high,0,0,0,2,1,2,5
0,learn,low,0,0,-1,0,1,0,7
0,learn,low,0,0,1,1,1,1,9
0,learn,low,0,0,1,2,1,2,11
0,learn,low,0,1,1,3,1,3,13
0,learn,low,0,0,1,4,1,4,15
0,learn,high,1,0,0,3,1,3,17
0,learn,high,0,0,0,4,1,4,19
0,learn,high,0,0,1,5,1,5,21
0,learn,low,1,1,0,5,1,5,23
0,learn,high,0,1,1,6,1,6,25
0,learn,low,1,1,1,6,1,6,27
0,learn,high,1,0,0,7,1,7,29
0,learn,low,1,1,1,7,1,7,31
0,learn,low,0,0,0,8,1,8,33
0,learn,high,0,0,0,8,1,8,35
0,learn,high,0,0,1,9,1,9,37
0,learn,low,1,1,0,9,1,9,39
0,learn,low,0,0,0,10,1,10,41
0,learn,high,0,1,1,10,1,10,43
0,learn,high,0,0,1,11,1,11,45
0,learn,high,0,0,1,12,1,12,47
0,learn,low,1,1,0,11,1,11,49
0,learn,high,0,0,1,13,1,13,51
0,learn,high,0,0,1,14,1,14,53
0,learn,low,1,0,1,12,1,12,55
0,learn,low,1,1,1,13,1,13,57
0,learn,low,0,0,0,14,1,14,59
0,reversal,high,0,0,-1,15,1,15,61
0,reversal,high,1,1,0,16,1,16,63
0,reversal,high,1,0,1,17,1,17,65
0,reversal,high,1,1,1,18,1,18,67
0,reversal,high,1,1,1,19,1,19,69
0,reversal,low,1,0,-1,15,1,15,71
0,reversal,low,1,1,1,16,1,16,73
0,reversal,low,1,1,1,17,1,17,75
0,reversal,low,0,0,0,18,1,18,77
0,reversal,low,0,0,1,19,1,19,79
0,reversal,high,1,0,1,20,1,20,81
0,reversal,high,1,1,1,21,1,21,83
0,reversal,low,0,0,1,20,1,20,85
0,reversal,high,1,1,1,22,1,22,87
0,reversal,low,1,1,0,21,1,21,89
0,reversal,low,0,0,0,22,1,22,91
0,reversal,high,1,1,1,23,1,23,93
0,reversal,low,1,1,0,23,1,23,95
0,reversal,low,0,1,0,24,1,24,97
0,reversal,high,1,1,1,24,1,24,99
0,reversal,high,1,1,1,25,1,25,101
0,reversal,low,1,1,0,25,1,25,103
0,reversal,low,1,1,1,26,1,26,105
0,reversal,high,1,1,1,26,1,26,107
0,reversal,high,1,0,1,27,1,27,109
0,reversal,high,1,1,1,28,1,28,111
0,reversal,low,1,1,1,27,1,27,113
0,reversal,high,1,1,1,29,1,29,115
0,reversal,low,1,1,1,28,1,28,117
0,reversal,low,1,0,1,29,1,29,119
1,learn,low,1,1,-1,0,1,0,1
1,learn,high,0,0,-1,0,1,0,3
1,learn,low,0,0,0,1,1,1,5
1,learn,low,0,0,1,2,1,2,7
1,learn,high,0,0,1,1,1,1,9
1,learn,high,1,1,0,2,1,2,11
1,learn,low,0,1,1,3,1,3,13
1,learn,high,1,1,1,3,1,3,15
1,learn,high,1,0,1,4,1,4,17
1,learn,low,1,1,0,4,1,4,19
1,learn,high,1,1,1,5,1,5,21
1,learn,low,1,1,1,5,1,5,23
1,learn,low,0,0,0,6,1,6,25
1,learn,high,1,0,1,6,1,6,27
1,learn,low,0,0,1,7,1,7,29
1,learn,high,0,0,0,7,1,7,31
1,learn,high,0,0,1,8,1,8,33
1,learn,low,1,0,0,8,1,8,35
1,learn,high,0,0,1,9,1,9,37
1,learn,low,1,1,1,9,1,9,39
1,learn,low,1,1,1,10,1,10,41
1,learn,low,1,0,1,11,1,11,43
1,learn,high,0,0,1,10,1,10,45
1,learn,low,1,1,1,12,1,12,47
1,learn,high,1,1,0,11,1,11,49
1,learn,high,1,1,1,12,1,12,51
1,learn,high,0,0,0,13,1,13,53
1,learn,high,1,1,0,14,1,14,55
1,learn,low,1,1,1,13,1,13,57
1,learn,low,1,1,1,14,1,14,59
1,reversal,low,0,1,-1,15,1,15,61
1,reversal,low,0,0,1,16,1,16,63
1,reversal,high,0,0,-1,15,1,15,65
1,reversal,low,0,0,1,17,1,17,67
1,reversal,high,0,0,1,16,1,16,69
1,reversal,high,0,0,1,17,1,17,71
1,reversal,low,0,0,1,18,1,18,73
1,reversal,high,1,0,0,18,1,18,75
1,reversal,high,1,1,1,19,1,19,77
1,reversal,low,0,0,1,19,1,19,79
1,reversal,low,0,0,1,20,1,20,81
1,reversal,high,1,1,1,20,1,20,83
1,reversal,low,0,0,1,21,1,21,85
1,reversal,low,0,0,1,22,1,22,87
1,reversal,high,1,1,1,21,1,21,89
1,reversal,high,0,0,0,22,1,22,91
1,reversal,low,0,1,1,23,1,23,93
1,reversal,high,1,0,0,23,1,23,95
1,reversal,high,1,1,1,24,1,24,97
1,reversal,low,1,0,0,24,1,24,99
1,reversal,high,1,0,1,25,1,25,101
1,reversal,high,1,1,1,26,1,26,103
1,reversal,low,1,0,1,25,1,25,105
1,reversal,high,0,0,0,27,1,27,107
1,reversal,low,0,0,0,26,1,26,109
1,reversal,low,0,1,1,27,1,27,111
1,reversal,high,1,1,0,28,1,28,113
1,reversal,low,0,0,1,28,1,28,115
1,reversal,low,0,0,1,29,1,29,117
1,reversal,high,1,1,1,29,1,29,119
10,learn,high,1,1,-1,0,1,0,1
10,learn,low,1,1,-1,0,1,0,3
10,learn,low,0,1,0,1,1,1,5
10,learn,high,1,1,1,1,1,1,7
10,learn,low,1,1,0,2,1,2,9
10,learn,low,1,1,1,3,1,3,11
10,learn,high,0,0,0,2,1,2,13
10,learn,high,1,0,0,3,1,3,15
10,learn,high,1,1,1,4,1,4,17
10,learn,low,1,0,1,4,1,4,19
10,learn,high,1,1,1,5,1,5,21
10,learn,low,1,1,1,5,1,5,23
10,learn,low,1,0,1,6,1,6,25
10,learn,low,1,1,1,7,1,7,27
10,learn,low,1,1,1,8,1,8,29
10,learn,high,1,1,1,6,1,6,31
10,learn,high,1,0,1,7,1,7,33
10,learn,high,1,1,1,8,1,8,35
10,learn,low,1,1,1,9,1,9,37
10,learn,high,1,1,1,9,1,9,39
10,learn,high,1,1,1,10,1,10,41
10,learn,high,0,0,0,11,1,11,43
10,learn,high,0,0,1,12,1,12,45
10,learn,low,0,0,0,10,1,10,47
10,learn,high,1,1,0,13,1,13,49
10,learn,low,0,0,1,11,1,11,51
10,learn,low,0,0,1,12,1,12,53
10,learn,low,1,1,0,13,1,13,55
10,learn,low,0,1,0,14,1,14,57
10,learn,high,1,1,1,14,1,14,59
10,reversal,high,1,1,-1,15,1,15,61
10,reversal,high,1,1,1,16,1,16,63
10,reversal,low,0,0,-1,15,1,15,65
10,reversal,low,0,0,1,16,1,16,67
10,reversal,high,0,0,0,17,1,17,69
10,reversal,low,0,1,1,17,1,17,71
10,reversal,low,0,0,1,18,1,18,73
10,reversal,high,1,0,0,18,1,18,75
10,reversal,high,0,0,0,19,1,19,77
10,reversal,low,0,0,1,19,1,19,79
10,reversal,high,1,0,0,20,1,20,81
10,reversal,high,1,1,1,21,1,21,83
10,reversal,low,1,1,0,20,1,20,85
10,reversal,high,1,1,1,22,1,22,87
10,reversal,low,0,0,0,21,1,21,89
10,reversal,low,0,0,1,22,1,22,91
10,reversal,high,0,1,0,23,1,23,93
10,reversal,low,0,0,1,23,1,23,95
10,reversal,low,0,0,1,24,1,24,97
10,reversal,high,0,0,1,24,1,24,99
10,reversal,high,1,1,0,25,1,25,101
10,reversal,low,0,0,1,25,1,25,103
10,reversal,high,1,1,1,26,1,26,105
10,reversal,low,1,1,0,26,1,26,107
10,reversal,low,1,1,1,27,1,27,109
10,reversal,high,1,1,1,27,1,27,111
10,reversal,low,0,1,0,28,1,28,113
10,reversal,low,1,1,0,29,1,29,115
10,reversal,high,1,1,1,28,1,28,117
10,reversal,high,1,0,1,29,1,29,119
11,learn,low,0,0,-1,0,1,0,1
11,learn,low,0,1,1,1,1,1,3
11,learn,low,0,0,1,2,1,2,5
11,learn,high,1,1,-1,0,1,0,7
11,learn,low,0,0,1,3,1,3,9
11,learn,low,1,1,0,4,1,4,11
11,learn,high,0,0,0,1,1,1,13
11,learn,high,1,1,0,2,1,2,15
11,learn,high,0,0,0,3,1,3,17
11,learn,high,0,0,1,4,1,4,19
11,learn,high,1,1,0,5,1,5,21
11,learn,low,1,1,1,5,1,5,23
11,learn,low,0,0,0,6,1,6,25
11,learn,high,1,0,1,6,1,6,27
11,learn,high,1,1,1,7,1,7,29
11,learn,low,0,0,1,7,1,7,31
11,learn,high,0,0,0,8,1,8,33
11,learn,low,1,1,0,8,1,8,35
11,learn,high,0,0,1,9,1,9,37
11,learn,low,1,1,1,9,1,9,39
11,learn,low,1,1,1,10,1,10,41
11,learn,low,1,1,1,11,1,11,43
11,learn,high,1,1,0,10,1,10,45
11,learn,high,0,0,0,11,1,11,47
11,learn,high,1,1,0,12,1,12,49
11,learn,low,1,1,1,12,1,12,51
11,learn,low,1,1,1,13,1,13,53
11,learn,high,1,1,1,13,1,13,55
11,learn,low,1,0,1,14,1,14,57
11,learn,high,1,0,1,14,1,14,59
11,reversal,high,0,0,-1,15,1,15,61
11,reversal,low,0,0,-1,15,1,15,63
11,reversal,high,0,0,1,16,1,16,65
11,reversal,low,0,0,1,16,1,16,67
11,reversal,high,1,1,0,17,1,17,69
11,reversal,low,1,0,0,17,1,17,71
11,reversal,low,1,1,1,18,1,18,73
11,reversal,low,1,1,1,19,1,19,75
11,reversal,high,1,1,1,18,1,18,77
11,reversal,high,0,0,0,19,1,19,79
11,reversal,high,0,0,1,20,1,20,81
11,reversal,high,0,0,1,21,1,21,83
11,reversal,low,0,1,0,20,1,20,85
11,reversal,low,1,0,0,21,1,21,87
11,reversal,high,0,0,1,22,1,22,89
11,reversal,low,0,0,0,22,1,22,91
11,reversal,high,0,1,1,23,1,23,93
11,reversal,low,0,0,1,23,1,23,95
11,reversal,high,0,0,1,24,1,24,97
11,reversal,low,0,0,1,24,1,24,99
11,reversal,low,1,0,0,25,1,25,101
11,reversal,high,0,0,1,25,1,25,103
11,reversal,high,0,0,1,26,1,26,105
11,reversal,high,0,1,1,27,1,27,107
11,reversal,high,0,0,1,28,1,28,109
11,reversal,high,0,0,1,29,1,29,111
11,reversal,low,0,0,0,26,1,26,113
11,reversal,low,1,1,0,27,1,27,115
11,reversal,low,1,1,1,28,1,28,117
11,reversal,low,1,1,1,29,1,29,119
12,learn,high,0,0,-1,0,1,0,1
12,learn,high,0,0,1,1,1,1,3
12,learn,high,0,1,1,2,1,2,5
12,learn,high,0,0,1,3,1,3,7
12,learn,low,0,0,-1,0,1,0,9
12,learn,low,0,0,1,1,1,1,11
12,learn,low,0,1,1,2,1,2,13
12,learn,low,1,1,0,3,1,3,15
12,learn,high,1,1,0,4,1,4,17
12,learn,low,1,1,1,4,1,4,19
12,learn,low,1,1,1,5,1,5,21
12,learn,low,1,1,1,6,1,6,23
12,learn,high,1,0,1,5,1,5,25
12,learn,high,1,1,1,6,1,6,27
12,learn,high,1,1,1,7,1,7,29
12,learn,high,1,1,1,8,1,8,31
12,learn,low,1,0,1,7,1,7,33
12,learn,high,1,1,1,9,1,9,35
12,learn,low,1,1,1,8,1,8,37
12,learn,low,1,1,1,9,1,9,39
12,learn,high,1,0,1,10,1,10,41
12,learn,low,1,1,1,10,1,10,43
12,learn,low,1,1,1,11,1,11,45
12,learn,high,1,1,1,11,1,11,47
12,learn,low,1,0,1,12,1,12,49
12,learn,low,1,1,1,13,1,13,51
12,learn,high,1,1,1,12,1,12,53
12,learn,high,1,1,1,13,1,13,55
12,learn,high,1,1,1,14,1,14,57
12,learn,low,1,1,1,14,1,14,59
12,reversal,high,0,0,-1,15,1,15,61
12,reversal,low,0,0,-1,15,1,15,63
12,reversal,high,0,1,1,16,1,16,65
12,reversal,high,0,0,1,17,1,17,67
12,reversal,high,1,0,0,18,1,18,69
12,reversal,low,0,1,1,16,1,16,71
12,reversal,high,1,1,1,19,1,19,73
12,reversal,low,1,1,0,17,1,17,75
12,reversal,low,1,0,1,18,1,18,77
12,reversal,low,1,1,1,19,1,19,79
12,reversal,low,1,0,1,20,1,20,81
12,reversal,high,1,0,1,20,1,20,83
12,reversal,low,1,1,1,21,1,21,85
12,reversal,high,1,1,1,21,1,21,87
12,reversal,low,1,1,1,22,1,22,89
12,reversal,low,1,1,1,23,1,23,91
12,reversal,high,1,1,1,22,1,22,93
12,reversal,low,1,1,1,24,1,24,95
12,reversal,high,1,1,1,23,1,23,97
12,reversal,high,1,1,1,24,1,24,99
12,reversal,low,1,1,1,25,1,25,101
12,reversal,high,1,0,1,25,1,25,103
12,reversal,high,1,1,1,26,1,26,105
12,reversal,low,1,1,1,26,1,26,107
12,reversal,high,1,1,1,27,1,27,109
12,reversal,low,1,1,1,27,1,27,111
12,reversal,high,1,1,1,28,1,28,113
12,reversal,high,1,1,1,29,1,29,115
12,reversal,low,1,1,1,28,1,28,117
12,reversal,low,1,0,1,29,1,29,119
13,learn,low,1,0,-1,0,1,0,1
13,learn,high,1,1,-1,0,1,0,3
13,learn,high,0,0,0,1,1,1,5
13,learn,low,0,0,0,1,1,1,7
13,learn,low,0,0,1,2,1,2,9
13,learn,high,0,0,1,2,1,2,11
13,learn,high,0,0,1,3,1,3,13
13,learn,low,1,1,0,3,1,3,15
13,learn,low,1,1,1,4,1,4,17
13,learn,high,0,1,1,4,1,4,19
13,learn,high,0,0,1,5,1,5,21
13,learn,low,1,1,1,5,1,5,23
13,learn,low,0,1,0,6,1,6,25
13,learn,low,1,1,0,7,1,7,27
13,learn,low,1,1,1,8,1,8,29
13,learn,low,1,0,1,9,1,9,31
13,learn,high,0,0,1,6,1,6,33
13,learn,high,0,0,1,7,1,7,35
13,learn,high,0,0,1,8,1,8,37
13,learn,high,0,1,1,9,1,9,39
13,learn,low,1,1,1,10,1,10,41
13,learn,high,0,1,1,10,1,10,43
13,learn,high,0,0,1,11,1,11,45
13,learn,high,0,0,1,12,1,12,47
13,learn,low,0,0,0,11,1,11,49
13,learn,low,0,1,1,12,1,12,51
13,learn,low,0,0,1,13,1,13,53
13,learn,high,0,0,1,13,1,13,55
13,learn,high,0,0,1,14,1,14,57
13,learn,low,0,0,1,14,1,14,59
13,reversal,low,0,0,-1,15,1,15,61
13,reversal,low,0,0,1,16,1,16,63
13,reversal,high,1,1,-1,15,1,15,65
13,reversal,high,1,1,1,16,1,16,67
13,reversal,low,0,1,1,17,1,17,69
13,reversal,low,0,0,1,18,1,18,71
13,reversal,low,1,1,0,19,1,19,73
13,reversal,high,1,1,1,17,1,17,75
13,reversal,high,1,0,1,18,1,18,77
13,reversal,high,1,1,1,19,1,19,79
13,reversal,low,0,0,0,20,1,20,81
13,reversal,high,1,0,1,20,1,20,83
13,reversal,low,0,0,1,21,1,21,85
13,reversal,high,1,1,1,21,1,21,87
13,reversal,low,0,0,1,22,1,22,89
13,reversal,high,1,1,1,22,1,22,91
13,reversal,low,1,1,0,23,1,23,93
13,reversal,high,1,1,1,23,1,23,95
13,reversal,high,1,1,1,24,1,24,97
13,reversal,low,0,0,0,24,1,24,99
13,reversal,low,1,0,0,25,1,25,101
13,reversal,low,0,0,0,26,1,26,103
13,reversal,high,1,1,1,25,1,25,105
13,reversal,high,1,1,1,26,1,26,107
13,reversal,high,1,0,1,27,1,27,109
13,reversal,low,0,0,1,27,1,27,111
13,reversal,low,0,0,1,28,1,28,113
13,reversal,high,1,1,1,28,1,28,115
13,reversal,low,0,1,1,29,1,29,117
13,reversal,high,1,1,1,29,1,29,119
14,learn,low,1,1,-1,0,1,0,1
14,learn,low,1,1,1,1,1,1,3
14,learn,low,1,1,1,2,1,2,5
14,learn,high,1,1,-1,0,1,0,7
14,learn,low,1,0,1,3,1,3,9
14,learn,high,1,0,1,1,1,1,11
14,learn,high,1,1,1,2,1,2,13
14,learn,high,1,1,1,3,1,3,15
14,learn,high,1,1,1,4,1,4,17
14,learn,low,0,0,0,4,1,4,19
14,learn,low,0,0,1,5,1,5,21
14,learn,high,1,1,1,5,1,5,23
14,learn,low,1,1,0,6,1,6,25
14,learn,low,1,1,1,7,1,7,27
14,learn,high,1,1,1,6,1,6,29
14,learn,high,1,0,1,7,1,7,31
14,learn,high,1,1,1,8,1,8,33
14,learn,low,1,1,1,8,1,8,35
14,learn,high,1,1,1,9,1,9,37
14,learn,low,1,0,1,9,1,9,39
14,learn,high,1,1,1,10,1,10,41
14,learn,high,0,0,0,11,1,11,43
14,learn,low,1,1,1,10,1,10,45
14,learn,low,1,1,1,11,1,11,47
14,learn,high,1,1,0,12,1,12,49
14,learn,low,1,1,1,12,1,12,51
14,learn,high,1,0,1,13,1,13,53
14,learn,low,1,1,1,13,1,13,55
14,learn,high,0,0,0,14,1,14,57
14,learn,low,0,0,0,14,1,14,59
14,reversal,high,0,0,-1,15,1,15,61
14,reversal,low,1,1,-1,15,1,15,63
14,reversal,low,0,0,0,16,1,16,65
14,reversal,high,1,0,0,16,1,16,67
14,reversal,high,1,1,1,17,1,17,69
14,reversal,low,0,0,1,17,1,17,71
14,reversal,low,1,0,0,18,1,18,73
14,reversal,high,0,0,0,18,1,18,75
14,reversal,low,1,1,1,19,1,19,77
14,reversal,high,1,1,0,19,1,19,79
14,reversal,low,1,1,1,20,1,20,81
14,reversal,low,0,0,0,21,1,21,83
14,reversal,low,0,0,1,22,1,22,85
14,reversal,low,0,0,1,23,1,23,87
14,reversal,high,0,1,0,20,1,20,89
14,reversal,high,1,1,0,21,1,21,91
14,reversal,high,1,0,1,22,1,22,93
14,reversal,high,1,1,1,23,1,23,95
14,reversal,low,0,0,1,24,1,24,97
14,reversal,high,1,1,1,24,1,24,99
14,reversal,high,1,1,1,25,1,25,101
14,reversal,low,0,0,1,25,1,25,103
14,reversal,high,1,1,1,26,1,26,105
14,reversal,high,1,0,1,27,1,27,107
14,reversal,low,1,1,0,26,1,26,109
14,reversal,low,0,1,0,27,1,27,111
14,reversal,high,1,1,1,28,1,28,113
14,reversal,high,1,1,1,29,1,29,115
14,reversal,low,1,1,0,28,1,28,117
14,reversal,low,1,0,1,29,1,29,119
15,learn,low,0,1,-1,0,1,0,1
15,learn,high,1,1,-1,0,1,0,3
15,learn,high,1,1,1,1,1,1,5
15,learn,high,1,1,1,2,1,2,7
15,learn,low,0,0,1,1,1,1,9
15,learn,high,0,0,0,3,1,3,11
15,learn,low,1,1,0,2,1,2,13
15,learn,high,0,1,1,4,1,4,15
15,learn,low,0,0,0,3,1,3,17
15,learn,low,0,0,1,4,1,4,19
15,learn,high,0,1,1,5,1,5,21
15,learn,low,0,1,1,5,1,5,23
15,learn,high,0,0,1,6,1,6,25
15,learn,high,0,0,1,7,1,7,27
15,learn,low,1,0,0,6,1,6,29
15,learn,high,0,0,1,8,1,8,31
15,learn,low,0,0,0,7,1,7,33
15,learn,low,1,1,0,8,1,8,35
15,learn,high,0,0,1,9,1,9,37
15,learn,low,1,1,1,9,1,9,39
15,learn,high,0,0,1,10,1,10,41
15,learn,low,1,1,1,10,1,10,43
15,learn,high,0,0,1,11,1,11,45
15,learn,low,1,0,1,11,1,11,47
15,learn,high,0,0,1,12,1,12,49
15,learn,low,1,1,1,12,1,12,51
15,learn,low,0,0,0,13,1,13,53
15,learn,high,0,0,1,13,1,13,55
15,learn,high,0,1,1,14,1,14,57
15,learn,low,1,1,0,14,1,14,59
15,reversal,low,0,0,-1,15,1,15,61
15,reversal,low,1,1,0,16,1,16,63
15,reversal,high,1,1,-1,15,1,15,65
15,reversal,low,1,1,1,17,1,17,67
15,reversal,low,1,0,1,18,1,18,69
15,reversal,high,1,1,1,16,1,16,71
15,reversal,low,1,1,1,19,1,19,73
15,reversal,high,1,1,1,17,1,17,75
15,reversal,high,1,1,1,18,1,18,77
15,reversal,high,1,0,1,19,1,19,79
15,reversal,low,1,1,1,20,1,20,81
15,reversal,high,1,1,1,20,1,20,83
15,reversal,high,1,1,1,21,1,21,85
15,reversal,low,0,0,0,21,1,21,87
15,reversal,low,0,0,1,22,1,22,89
15,reversal,high,1,1,1,22,1,22,91
15,reversal,low,0,0,1,23,1,23,93
15,reversal,high,1,0,1,23,1,23,95
15,reversal,high,1,1,1,24,1,24,97
15,reversal,low,0,0,1,24,1,24,99
15,reversal,low,0,0,1,25,1,25,101
15,reversal,high,1,1,1,25,1,25,103
15,reversal,low,0,0,1,26,1,26,105
15,reversal,high,1,1,1,26,1,26,107
15,reversal,low,1,1,0,27,1,27,109
15,reversal,high,1,1,1,27,1,27,111
15,reversal,low,0,0,0,28,1,28,113
15,reversal,high,1,0,1,28,1,28,115
15,reversal,low,1,1,0,29,1,29,117
15,reversal,high,1,1,1,29,1,29,119
16,learn,high,0,0,-1,0,1,0,1
16,learn,low,1,1,-1,0,1,0,3
16,learn,high,0,0,1,1,1,1,5
16,learn,low,0,0,0,1,1,1,7
16,learn,low,1,1,0,2,1,2,9
16,learn,low,1,0,1,3,1,3,11
16,learn,high,0,0,1,2,1,2,13
16,learn,high,1,1,0,3,1,3,15
16,learn,high,0,0,0,4,1,4,17
16,learn,low,1,1,1,4,1,4,19
16,learn,high,0,0,1,5,1,5,21
16,learn,low,0,0,0,5,1,5,23
16,learn,low,1,0,0,6,1,6,25
16,learn,high,0,0,1,6,1,6,27
16,learn,high,0,1,1,7,1,7,29
16,learn,low,1,1,1,7,1,7,31
16,learn,low,0,0,0,8,1,8,33
16,learn,low,0,0,1,9,1,9,35
16,learn,high,1,1,0,8,1,8,37
16,learn,high,0,0,0,9,1,9,39
16,learn,low,1,1,0,10,1,10,41
16,learn,high,0,0,1,10,1,10,43
16,learn,low,1,1,1,11,1,11,45
16,learn,low,1,0,1,12,1,12,47
16,learn,high,1,1,0,11,1,11,49
16,learn,low,1,1,1,13,1,13,51
16,learn,high,1,0,1,12,1,12,53
16,learn,high,0,0,0,13,1,13,55
16,learn,low,1,1,1,14,1,14,57
16,learn,high,0,1,1,14,1,14,59
16,reversal,low,0,0,-1,15,1,15,61
16,reversal,low,0,0,1,16,1,16,63
16,reversal,high,0,0,-1,15,1,15,65
16,reversal,high,1,0,0,16,1,16,67
16,reversal,low,0,0,1,17,1,17,69
16,reversal,high,0,1,0,17,1,17,71
16,reversal,high,0,0,1,18,1,18,73
16,reversal,high,1,1,0,19,1,19,75
16,reversal,low,0,0,1,18,1,18,77
16,reversal,low,1,1,0,19,1,19,79
16,reversal,high,1,1,1,20,1,20,81
16,reversal,low,1,1,1,20,1,20,83
16,reversal,high,1,1,1,21,1,21,85
16,reversal,low,1,0,1,21,1,21,87
16,reversal,low,1,1,1,22,1,22,89
16,reversal,low,1,1,1,23,1,23,91
16,reversal,high,1,1,1,22,1,22,93
16,reversal,high,1,0,1,23,1,23,95
16,reversal,low,1,1,1,24,1,24,97
16,reversal,high,1,1,1,24,1,24,99
16,reversal,high,1,0,1,25,1,25,101
16,reversal,low,1,0,1,25,1,25,103
16,reversal,high,1,1,1,26,1,26,105
16,reversal,high,1,1,1,27,1,27,107
16,reversal,low,1,1,1,26,1,26,109
16,reversal,high,1,1,1,28,1,28,111
16,reversal,low,1,1,1,27,1,27,113
16,reversal,low,1,1,1,28,1,28,115
16,reversal,high,1,1,1,29,1,29,117
16,reversal,low,1,1,1,29,1,29,119
17,learn,high,1,1,-1,0,1,0,1
17,learn,high,1,1,1,1,1,1,3
17,learn,low,1,1,-1,0,1,0,5
17,learn,low,1,0,1,1,1,1,7
17,learn,high,1,1,1,2,1,2,9
17,learn,high,1,0,1,3,1,3,11
17,learn,low,1,1,1,2,1,2,13
17,learn,low,1,1,1,3,1,3,15
17,learn,low,1,1,1,4,1,4,17
17,learn,high,1,1,1,4,1,4,19
17,learn,low,1,1,1,5,1,5,21
17,learn,low,1,0,1,6,1,6,23
17,learn,high,1,0,1,5,1,5,25
17,learn,high,0,0,0,6,1,6,27
17,learn,low,1,1,1,7,1,7,29
17,learn,high,1,1,0,7,1,7,31
17,learn,low,1,1,1,8,1,8,33
17,learn,high,1,1,1,8,1,8,35
17,learn,high,1,1,1,9,1,9,37
17,learn,low,1,1,1,9,1,9,39
17,learn,high,1,1,1,10,1,10,41
17,learn,high,1,0,1,11,1,11,43
17,learn,high,1,1,1,12,1,12,45
17,learn,low,1,0,1,10,1,10,47
17,learn,low,1,1,1,11,1,11,49
17,learn,low,1,1,1,12,1,12,51
17,learn,high,1,1,1,13,1,13,53
17,learn,high,1,1,1,14,1,14,55
17,learn,low,1,1,1,13,1,13,57
17,learn,low,1,1,1,14,1,14,59
17,reversal,high,0,0,-1,15,1,15,61
17,reversal,high,0,0,1,16,1,16,63
17,reversal,high,0,0,1,17,1,17,65
17,reversal,low,0,0,-1,15,1,15,67
17,reversal,low,0,0,1,16,1,16,69
17,reversal,low,0,0,1,17,1,17,71
17,reversal,high,0,0,1,18,1,18,73
17,reversal,low,0,1,1,18,1,18,75
17,reversal,low,1,1,0,19,1,19,77
17,reversal,high,0,1,1,19,1,19,79
17,reversal,high,1,1,0,20,1,20,81
17,reversal,high,1,1,1,21,1,21,83
17,reversal,low,1,0,1,20,1,20,85
17,reversal,high,0,0,0,22,1,22,87
17,reversal,high,0,0,1,23,1,23,89
17,reversal,low,1,1,1,21,1,21,91
17,reversal,low,0,0,0,22,1,22,93
17,reversal,low,1,1,0,23,1,23,95
17,reversal,low,0,0,0,24,1,24,97
17,reversal,high,0,0,1,24,1,24,99
17,reversal,high,1,1,0,25,1,25,101
17,reversal,high,0,0,0,26,1,26,103
17,reversal,low,0,1,1,25,1,25,105
17,reversal,low,0,0,1,26,1,26,107
17,reversal,low,0,0,1,27,1,27,109
17,reversal,high,1,1,0,27,1,27,111
17,reversal,high,1,1,1,28,1,28,113
17,reversal,low,0,0,1,28,1,28,115
17,reversal,high,1,0,1,29,1,29,117
17,reversal,low,1,1,0,29,1,29,119
18,learn,low,1,0,-1,0,1,0,1
18,learn,high,0,0,-1,0,1,0,3
18,learn,high,1,0,0,1,1,1,5
18,learn,high,1,1,1,2,1,2,7
18,learn,low,1,1,1,1,1,1,9
18,learn,low,0,0,0,2,1,2,11
18,learn,low,1,1,0,3,1,3,13
18,learn,high,1,1,1,3,1,3,15
18,learn,high,1,1,1,4,1,4,17
18,learn,low,0,0,0,4,1,4,19
18,learn,low,0,0,1,5,1,5,21
18,learn,low,1,0,0,6,1,6,23
18,learn,low,1,1,1,7,1,7,25
18,learn,high,1,1,1,5,1,5,27
18,learn,high,0,0,0,6,1,6,29
18,learn,high,0,0,1,7,1,7,31
18,learn,high,1,0,0,8,1,8,33
18,learn,high,1,1,1,9,1,9,35
18,learn,low,1,1,1,8,1,8,37
18,learn,low,1,1,1,9,1,9,39
18,learn,high,0,0,0,10,1,10,41
18,learn,high,0,0,1,11,1,11,43
18,learn,high,1,1,0,12,1,12,45
18,learn,low,1,1,1,10,1,10,47
18,learn,low,1,1,1,11,1,11,49
18,learn,low,1,1,1,12,1,12,51
18,learn,low,1,1,1,13,1,13,53
18,learn,high,0,0,0,13,1,13,55
18,learn,low,0,0,0,14,1,14,57
18,learn,high,1,1,0,14,1,14,59
18,reversal,low,0,0,-1,15,1,15,61
18,reversal,high,1,0,-1,15,1,15,63
18,reversal,high,1,1,1,16,1,16,65
18,reversal,high,1,1,1,17,1,17,67
18,reversal,low,0,1,1,16,1,16,69
18,reversal,low,0,0,1,17,1,17,71
18,reversal,high,1,1,1,18,1,18,73
18,reversal,high,1,1,1,19,1,19,75
18,reversal,low,1,0,0,18,1,18,77
18,reversal,low,1,1,1,19,1,19,79
18,reversal,low,1,1,1,20,1,20,81
18,reversal,high,1,1,1,20,1,20,83
18,reversal,high,0,0,0,21,1,21,85
18,reversal,low,1,1,1,21,1,21,87
18,reversal,high,1,1,0,22,1,22,89
18,reversal,low,1,0,1,22,1,22,91
18,reversal,high,1,0,1,23,1,23,93
18,reversal,low,1,1,1,23,1,23,95
18,reversal,low,1,1,1,24,1,24,97
18,reversal,high,1,1,1,24,1,24,99
18,reversal,low,1,1,1,25,1,25,101
18,reversal,high,1,1,1,25,1,25,103
18,reversal,high,1,1,1,26,1,26,105
18,reversal,low,0,0,0,26,1,26,107
18,reversal,low,1,0,0,27,1,27,109
18,reversal,low,1,1,1,28,1,28,111
18,reversal,low,0,0,0,29,1,29,113
18,reversal,high,1,0,1,27,1,27,115
18,reversal,high,1,1,1,28,1,28,117
18,reversal,high,1,1,1,29,1,29,119
19,learn,low,1,1,-1,0,1,0,1
19,learn,low,0,0,0,1,1,1,3
19,learn,high,1,1,-1,0,1,0,5
19,learn,high,1,1,1,1,1,1,7
19,learn,low,0,0,1,2,1,2,9
19,learn,high,1,1,1,2,1,2,11
19,learn,low,0,0,1,3,1,3,13
19,learn,high,1,1,1,3,1,3,15
19,learn,high,1,0,1,4,1,4,17
19,learn,low,1,1,0,4,1,4,19
19,learn,high,1,1,1,5,1,5,21
19,learn,low,1,1,1,5,1,5,23
19,learn,high,1,1,1,6,1,6,25
19,learn,low,1,1,1,6,1,6,27
19,learn,high,0,0,0,7,1,7,29
19,learn,low,1,1,1,7,1,7,31
19,learn,high,0,0,1,8,1,8,33
19,learn,low,1,1,1,8,1,8,35
19,learn,low,1,0,1,9,1,9,37
19,learn,high,0,0,1,9,1,9,39
19,learn,high,1,1,0,10,1,10,41
19,learn,high,1,0,1,11,1,11,43
19,learn,high,1,1,1,12,1,12,45
19,learn,low,1,0,1,10,1,10,47
19,learn,low,1,1,1,11,1,11,49
19,learn,low,1,1,1,12,1,12,51
19,learn,high,1,1,1,13,1,13,53
19,learn,high,1,1,1,14,1,14,55
19,learn,low,1,1,1,13,1,13,57
19,learn,low,1,1,1,14,1,14,59
19,reversal,low,0,0,-1,15,1,15,61
19,reversal,low,0,0,1,16,1,16,63
19,reversal,high,0,1,-1,15,1,15,65
19,reversal,high,0,0,1,16,1,16,67
19,reversal,low,0,0,1,17,1,17,69
19,reversal,high,1,0,0,17,1,17,71
19,reversal,low,0,1,1,18,1,18,73
19,reversal,high,1,1,1,18,1,18,75
19,reversal,high,1,1,1,19,1,19,77
19,reversal,low,1,1,0,19,1,19,79
19,reversal,low,0,0,0,20,1,20,81
19,reversal,low,0,1,1,21,1,21,83
19,reversal,low,0,0,1,22,1,22,85
19,reversal,low,1,1,0,23,1,23,87
19,reversal,low,0,0,0,24,1,24,89
19,reversal,high,1,1,1,20,1,20,91
19,reversal,high,1,0,1,21,1,21,93
19,reversal,high,1,1,1,22,1,22,95
19,reversal,high,1,1,1,23,1,23,97
19,reversal,high,1,1,1,24,1,24,99
19,reversal,low,1,1,0,25,1,25,101
19,reversal,high,1,1,1,25,1,25,103
19,reversal,low,0,0,0,26,1,26,105
19,reversal,high,0,0,0,26,1,26,107
19,reversal,high,1,1,0,27,1,27,109
19,reversal,low,0,0,1,27,1,27,111
19,reversal,high,1,1,1,28,1,28,113
19,reversal,low,0,0,1,28,1,28,115
19,reversal,high,1,1,1,29,1,29,117
19,reversal,low,1,1,0,29,1,29,119
2,learn,low,1,1,-1,0,1,0,1
2,learn,high,1,1,-1,0,1,0,3
2,learn,low,0,0,0,1,1,1,5
2,learn,low,1,1,0,2,1,2,7
2,learn,high,1,0,1,1,1,1,9
2,learn,high,1,1,1,2,1,2,11
2,learn,high,1,1,1,3,1,3,13
2,learn,high,1,1,1,4,1,4,15
2,learn,low,0,0,0,3,1,3,17
2,learn,low,0,1,1,4,1,4,19
2,learn,high,1,1,1,5,1,5,21
2,learn,low,1,0,0,5,1,5,23
2,learn,high,1,1,1,6,1,6,25
2,learn,low,1,1,1,6,1,6,27
2,learn,low,1,1,1,7,1,7,29
2,learn,high,1,1,1,7,1,7,31
2,learn,high,1,0,1,8,1,8,33
2,learn,low,1,1,1,8,1,8,35
2,learn,low,1,1,1,9,1,9,37
2,learn,high,1,1,1,9,1,9,39
2,learn,high,1,1,1,10,1,10,41
2,learn,high,1,1,1,11,1,11,43
2,learn,high,1,1,1,12,1,12,45
2,learn,low,1,0,1,10,1,10,47
2,learn,high,1,0,1,13,1,13,49
2,learn,low,0,0,0,11,1,11,51
2,learn,high,1,1,1,14,1,14,53
2,learn,low,1,1,0,12,1,12,55
2,learn,low,0,1,0,13,1,13,57
2,learn,low,0,0,1,14,1,14,59
2,reversal,high,0,0,-1,15,1,15,61
2,reversal,high,0,1,1,16,1,16,63
2,reversal,high,1,0,0,17,1,17,65
2,reversal,low,0,1,-1,15,1,15,67
2,reversal,high,1,1,1,18,1,18,69
2,reversal,low,1,1,0,16,1,16,71
2,reversal,high,1,1,1,19,1,19,73
2,reversal,low,0,0,0,17,1,17,75
2,reversal,low,1,1,0,18,1,18,77
2,reversal,low,0,0,0,19,1,19,79
2,reversal,high,1,1,1,20,1,20,81
2,reversal,high,0,1,0,21,1,21,83
2,reversal,low,1,1,0,20,1,20,85
2,reversal,high,1,0,0,22,1,22,87
2,reversal,low,1,1,1,21,1,21,89
2,reversal,low,0,0,0,22,1,22,91
2,reversal,high,1,1,1,23,1,23,93
2,reversal,low,0,0,1,23,1,23,95
2,reversal,high,1,1,1,24,1,24,97
2,reversal,low,0,0,1,24,1,24,99
2,reversal,high,1,1,1,25,1,25,101
2,reversal,low,1,1,0,25,1,25,103
2,reversal,low,0,0,0,26,1,26,105
2,reversal,high,1,1,1,26,1,26,107
2,reversal,low,1,0,0,27,1,27,109
2,reversal,high,1,1,1,27,1,27,111
2,reversal,high,1,1,1,28,1,28,113
2,reversal,low,1,1,1,28,1,28,115
2,reversal,low,1,1,1,29,1,29,117
2,reversal,high,1,0,1,29,1,29,119
20,learn,low,0,1,-1,0,1,0,1
20,learn,high,0,1,-1,0,1,0,3
20,learn,high,0,0,1,1,1,1,5
20,learn,low,0,0,1,1,1,1,7
20,learn,high,0,0,1,2,1,2,9
20,learn,high,0,0,1,3,1,3,11
20,learn,low,0,0,1,2,1,2,13
20,learn,low,0,0,1,3,1,3,15
20,learn,low,0,0,1,4,1,4,17
20,learn,high,0,0,1,4,1,4,19
20,learn,low,1,1,0,5,1,5,21
20,learn,low,1,0,1,6,1,6,23
20,learn,low,1,1,1,7,1,7,25
20,learn,low,1,1,1,8,1,8,27
20,learn,high,0,0,1,5,1,5,29
20,learn,high,0,0,1,6,1,6,31
20,learn,low,1,1,1,9,1,9,33
20,learn,high,0,1,1,7,1,7,35
20,learn,high,0,0,1,8,1,8,37
20,learn,high,0,0,1,9,1,9,39
20,learn,high,0,0,1,10,1,10,41
20,learn,low,1,1,1,10,1,10,43
20,learn,low,1,0,1,11,1,11,45
20,learn,low,1,1,1,12,1,12,47
20,learn,high,0,0,1,11,1,11,49
20,learn,low,1,1,1,13,1,13,51
20,learn,low,0,0,0,14,1,14,53
20,learn,high,0,1,1,12,1,12,55
20,learn,high,0,0,1,13,1,13,57
20,learn,high,0,0,1,14,1,14,59
20,reversal,high,1,0,-1,15,1,15,61
20,reversal,low,0,0,-1,15,1,15,63
20,reversal,low,0,1,1,16,1,16,65
20,reversal,high,1,1,1,16,1,16,67
20,reversal,high,1,1,1,17,1,17,69
20,reversal,high,1,1,1,18,1,18,71
20,reversal,low,0,0,1,17,1,17,73
20,reversal,low,0,0,1,18,1,18,75
20,reversal,low,0,0,1,19,1,19,77
20,reversal,high,1,1,1,19,1,19,79
20,reversal,high,1,0,1,20,1,20,81
20,reversal,low,0,1,1,20,1,20,83
20,reversal,high,1,1,1,21,1,21,85
20,reversal,high,1,1,1,22,1,22,87
20,reversal,low,0,0,1,21,1,21,89
20,reversal,high,1,1,1,23,1,23,91
20,reversal,low,0,0,1,22,1,22,93
20,reversal,low,1,1,0,23,1,23,95
20,reversal,low,1,0,1,24,1,24,97
20,reversal,high,1,1,1,24,1,24,99
20,reversal,low,1,1,1,25,1,25,101
20,reversal,low,1,1,1,26,1,26,103
20,reversal,low,1,1,1,27,1,27,105
20,reversal,high,1,0,1,25,1,25,107
20,reversal,high,1,1,1,26,1,26,109
20,reversal,high,1,1,1,27,1,27,111
20,reversal,low,0,0,0,28,1,28,113
20,reversal,low,1,0,0,29,1,29,115
20,reversal,high,1,1,1,28,1,28,117
20,reversal,high,1,1,1,29,1,29,119
21,learn,low,1,1,-1,0,1,0,1
21,learn,high,0,0,-1,0,1,0,3
21,learn,high,1,1,0,1,1,1,5
21,learn,low,0,1,0,1,1,1,7
21,learn,high,0,0,0,2,1,2,9
21,learn,low,0,0,1,2,1,2,11
21,learn,high,0,0,1,3,1,3,13
21,learn,high,0,0,1,4,1,4,15
21,learn,low,1,0,0,3,1,3,17
21,learn,low,1,1,1,4,1,4,19
21,learn,high,0,1,1,5,1,5,21
21,learn,high,0,0,1,6,1,6,23
21,learn,low,1,1,1,5,1,5,25
21,learn,low,1,0,1,6,1,6,27
21,learn,low,1,1,1,7,1,7,29
21,learn,high,1,1,0,7,1,7,31
21,learn,high,1,1,1,8,1,8,33
21,learn,low,0,0,0,8,1,8,35
21,learn,low,0,0,1,9,1,9,37
21,learn,high,0,0,0,9,1,9,39
21,learn,low,1,0,0,10,1,10,41
21,learn,high,0,0,1,10,1,10,43
21,learn,low,1,1,1,11,1,11,45
21,learn,low,0,0,0,12,1,12,47
21,learn,high,0,0,1,11,1,11,49
21,learn,high,0,1,1,12,1,12,51
21,learn,low,0,0,1,13,1,13,53
21,learn,high,0,0,1,13,1,13,55
21,learn,low,1,1,0,14,1,14,57
21,learn,high,0,0,1,14,1,14,59
21,reversal,high,1,1,-1,15,1,15,61
21,reversal,low,0,0,-1,15,1,15,63
21,reversal,high,1,1,1,16,1,16,65
21,reversal,low,0,0,1,16,1,16,67
21,reversal,low,0,0,1,17,1,17,69
21,reversal,high,1,1,1,17,1,17,71
21,reversal,high,1,1,1,18,1,18,73
21,reversal,low,1,1,0,18,1,18,75
21,reversal,low,1,1,1,19,1,19,77
21,reversal,high,1,0,1,19,1,19,79
21,reversal,low,1,1,1,20,1,20,81
21,reversal,high,1,1,1,20,1,20,83
21,reversal,low,0,0,0,21,1,21,85
21,reversal,high,1,1,1,21,1,21,87
21,reversal,low,0,0,1,22,1,22,89
21,reversal,high,1,0,1,22,1,22,91
21,reversal,low,1,1,0,23,1,23,93
21,reversal,high,1,1,1,23,1,23,95
21,reversal,low,1,1,1,24,1,24,97
21,reversal,high,1,1,1,24,1,24,99
21,reversal,low,0,0,0,25,1,25,101
21,reversal,low,1,1,0,26,1,26,103
21,reversal,high,1,1,1,25,1,25,105
21,reversal,high,1,0,1,26,1,26,107
21,reversal,high,0,0,0,27,1,27,109
21,reversal,low,1,1,1,27,1,27,111
21,reversal,low,1,0,1,28,1,28,113
21,reversal,high,0,0,1,28,1,28,115
21,reversal,high,1,1,0,29,1,29,117
21,reversal,low,1,1,1,29,1,29,119
3,learn,high,1,0,-1,0,1,0,1
3,learn,high,1,1,1,1,1,1,3
3,learn,low,1,1,-1,0,1,0,5
3,learn,high,1,1,1,2,1,2,7
3,learn,high,1,1,1,3,1,3,9
3,learn,low,1,1,1,1,1,1,11
3,learn,low,1,1,1,2,1,2,13
3,learn,high,0,0,0,4,1,4,15
3,learn,low,1,1,1,3,1,3,17
3,learn,low,1,0,1,4,1,4,19
3,learn,high,1,1,0,5,1,5,21
3,learn,low,1,1,1,5,1,5,23
3,learn,low,1,1,1,6,1,6,25
3,learn,high,1,1,1,6,1,6,27
3,learn,high,1,1,1,7,1,7,29
3,learn,low,1,1,1,7,1,7,31
3,learn,high,1,0,1,8,1,8,33
3,learn,low,1,0,1,8,1,8,35
3,learn,high,0,0,0,9,1,9,37
3,learn,low,1,1,1,9,1,9,39
3,learn,low,1,1,1,10,1,10,41
3,learn,high,1,0,0,10,1,10,43
3,learn,low,1,1,1,11,1,11,45
3,learn,low,1,0,1,12,1,12,47
3,learn,high,1,1,1,11,1,11,49
3,learn,high,1,1,1,12,1,12,51
3,learn,high,1,1,1,13,1,13,53
3,learn,low,1,1,1,13,1,13,55
3,learn,high,1,1,1,14,1,14,57
3,learn,low,1,1,1,14,1,14,59
3,reversal,low,0,0,-1,15,1,15,61
3,reversal,high,0,0,-1,15,1,15,63
3,reversal,low,0,0,1,16,1,16,65
3,reversal,high,0,0,1,16,1,16,67
3,reversal,high,1,1,0,17,1,17,69
3,reversal,low,1,1,0,17,1,17,71
3,reversal,high,1,1,1,18,1,18,73
3,reversal,low,0,0,0,18,1,18,75
3,reversal,low,0,1,1,19,1,19,77
3,reversal,high,1,0,1,19,1,19,79
3,reversal,high,1,1,1,20,1,20,81
3,reversal,high,1,1,1,21,1,21,83
3,reversal,low,0,0,1,20,1,20,85
3,reversal,low,0,0,1,21,1,21,87
3,reversal,high,1,0,1,22,1,22,89
3,reversal,low,0,0,1,22,1,22,91
3,reversal,low,0,0,1,23,1,23,93
3,reversal,high,0,0,0,23,1,23,95
3,reversal,low,1,1,0,24,1,24,97
3,reversal,high,1,1,0,24,1,24,99
3,reversal,low,0,1,0,25,1,25,101
3,reversal,high,1,0,1,25,1,25,103
3,reversal,low,1,1,0,26,1,26,105
3,reversal,high,1,1,1,26,1,26,107
3,reversal,low,1,1,1,27,1,27,109
3,reversal,low,1,1,1,28,1,28,111
3,reversal,high,1,1,1,27,1,27,113
3,reversal,high,1,1,1,28,1,28,115
3,reversal,low,1,1,1,29,1,29,117
3,reversal,high,1,1,1,29,1,29,119
4,learn,high,1,1,-1,0,1,0,1
4,learn,low,1,1,-1,0,1,0,3
4,learn,low,1,1,1,1,1,1,5
4,learn,high,1,1,1,1,1,1,7
4,learn,high,1,0,1,2,1,2,9
4,learn,low,1,0,1,2,1,2,11
4,learn,high,0,1,0,3,1,3,13
4,learn,low,1,1,1,3,1,3,15
4,learn,low,1,1,1,4,1,4,17
4,learn,high,1,0,0,4,1,4,19
4,learn,high,1,1,1,5,1,5,21
4,learn,low,1,1,1,5,1,5,23
4,learn,low,0,1,0,6,1,6,25
4,learn,high,0,1,0,6,1,6,27
4,learn,low,1,0,0,7,1,7,29
4,learn,high,1,1,0,7,1,7,31
4,learn,low,1,1,1,8,1,8,33
4,learn,low,1,0,1,9,1,9,35
4,learn,high,1,0,1,8,1,8,37
4,learn,high,1,0,1,9,1,9,39
4,learn,low,1,1,1,10,1,10,41
4,learn,low,1,0,1,11,1,11,43
4,learn,high,0,0,0,10,1,10,45
4,learn,low,1,1,1,12,1,12,47
4,learn,low,0,0,0,13,1,13,49
4,learn,high,1,1,0,11,1,11,51
4,learn,high,1,1,1,12,1,12,53
4,learn,high,1,0,1,13,1,13,55
4,learn,high,1,0,1,14,1,14,57
4,learn,low,1,0,0,14,1,14,59
4,reversal,low,1,1,-1,15,1,15,61
4,reversal,high,0,0,-1,15,1,15,63
4,reversal,high,0,1,1,16,1,16,65
4,reversal,low,0,0,0,16,1,16,67
4,reversal,high,0,0,1,17,1,17,69
4,reversal,low,0,0,1,17,1,17,71
4,reversal,low,0,0,1,18,1,18,73
4,reversal,high,0,0,1,18,1,18,75
4,reversal,high,1,1,0,19,1,19,77
4,reversal,low,0,1,1,19,1,19,79
4,reversal,high,1,1,1,20,1,20,81
4,reversal,low,0,0,1,20,1,20,83
4,reversal,low,0,0,1,21,1,21,85
4,reversal,high,0,0,0,21,1,21,87
4,reversal,high,0,0,1,22,1,22,89
4,reversal,low,1,1,0,22,1,22,91
4,reversal,high,0,0,1,23,1,23,93
4,reversal,high,0,0,1,24,1,24,95
4,reversal,low,0,0,0,23,1,23,97
4,reversal,low,0,1,1,24,1,24,99
4,reversal,low,1,0,0,25,1,25,101
4,reversal,high,0,0,1,25,1,25,103
4,reversal,high,1,1,0,26,1,26,105
4,reversal,low,1,1,1,26,1,26,107
4,reversal,high,0,0,0,27,1,27,109
4,reversal,low,0,0,0,27,1,27,111
4,reversal,low,1,1,0,28,1,28,113
4,reversal,low,0,0,0,29,1,29,115
4,reversal,high,0,0,1,28,1,28,117
4,reversal,high,0,1,1,29,1,29,119
5,learn,low,0,1,-1,0,1,0,1
5,learn,high,1,0,-1,0,1,0,3
5,learn,high,0,0,0,1,1,1,5
5,learn,high,1,1,0,2,1,2,7
5,learn,high,1,1,1,3,1,3,9
5,learn,low,1,1,0,1,1,1,11
5,learn,high,1,1,1,4,1,4,13
5,learn,low,0,0,0,2,1,2,15
5,learn,low,1,1,0,3,1,3,17
5,learn,low,0,0,0,4,1,4,19
5,learn,low,1,1,0,5,1,5,21
5,learn,low,0,0,0,6,1,6,23
5,learn,high,1,1,1,5,1,5,25
5,learn,high,1,1,1,6,1,6,27
5,learn,high,1,1,1,7,1,7,29
5,learn,high,1,0,1,8,1,8,31
5,learn,low,1,1,0,7,1,7,33
5,learn,low,1,0,1,8,1,8,35
5,learn,low,1,1,1,9,1,9,37
5,learn,high,1,1,1,9,1,9,39
5,learn,high,0,0,0,10,1,10,41
5,learn,low,0,0,0,10,1,10,43
5,learn,high,1,1,0,11,1,11,45
5,learn,low,1,0,0,11,1,11,47
5,learn,high,0,1,0,12,1,12,49
5,learn,low,1,1,1,12,1,12,51
5,learn,high,0,0,1,13,1,13,53
5,learn,high,1,0,0,14,1,14,55
5,learn,low,1,1,1,13,1,13,57
5,learn,low,0,0,0,14,1,14,59
5,reversal,high,0,0,-1,15,1,15,61
5,reversal,low,1,1,-1,15,1,15,63
5,reversal,low,1,1,1,16,1,16,65
5,reversal,low,0,0,0,17,1,17,67
5,reversal,high,1,1,0,16,1,16,69
5,reversal,high,0,0,0,17,1,17,71
5,reversal,high,0,0,1,18,1,18,73
5,reversal,low,0,1,1,18,1,18,75
5,reversal,high,0,0,1,19,1,19,77
5,reversal,low,0,0,1,19,1,19,79
5,reversal,high,0,0,1,20,1,20,81
5,reversal,high,0,0,1,21,1,21,83
5,reversal,low,1,1,0,20,1,20,85
5,reversal,low,1,1,1,21,1,21,87
5,reversal,high,1,1,0,22,1,22,89
5,reversal,low,0,0,0,22,1,22,91
5,reversal,high,0,0,0,23,1,23,93
5,reversal,high,0,0,1,24,1,24,95
5,reversal,low,0,0,1,23,1,23,97
5,reversal,low,0,0,1,24,1,24,99
5,reversal,high,0,0,1,25,1,25,101
5,reversal,high,0,1,1,26,1,26,103
5,reversal,low,1,1,0,25,1,25,105
5,reversal,low,1,1,1,26,1,26,107
5,reversal,low,1,1,1,27,1,27,109
5,reversal,high,1,1,0,27,1,27,111
5,reversal,high,1,1,1,28,1,28,113
5,reversal,low,1,0,1,28,1,28,115
5,reversal,low,1,1,1,29,1,29,117
5,reversal,high,0,0,0,29,1,29,119
6,learn,low,0,0,-1,0,1,0,1
6,learn,low,1,1,0,1,1,1,3
6,learn,high,0,0,-1,0,1,0,5
6,learn,low,1,1,1,2,1,2,7
6,learn,high,0,0,1,1,1,1,9
6,learn,low,1,1,1,3,1,3,11
6,learn,high,1,1,0,2,1,2,13
6,learn,high,1,0,1,3,1,3,15
6,learn,low,1,0,1,4,1,4,17
6,learn,high,1,1,1,4,1,4,19
6,learn,low,1,1,1,5,1,5,21
6,learn,high,1,1,1,5,1,5,23
6,learn,high,1,0,1,6,1,6,25
6,learn,low,1,1,1,6,1,6,27
6,learn,low,1,1,1,7,1,7,29
6,learn,low,1,1,1,8,1,8,31
6,learn,high,1,1,1,7,1,7,33
6,learn,high,1,1,1,8,1,8,35
6,learn,high,0,0,0,9,1,9,37
6,learn,low,1,0,1,9,1,9,39
6,learn,high,1,1,0,10,1,10,41
6,learn,high,1,0,1,11,1,11,43
6,learn,low,1,1,1,10,1,10,45
6,learn,low,1,1,1,11,1,11,47
6,learn,low,1,1,1,12,1,12,49
6,learn,high,1,1,1,12,1,12,51
6,learn,low,1,0,1,13,1,13,53
6,learn,high,1,1,1,13,1,13,55
6,learn,high,1,1,1,14,1,14,57
6,learn,low,1,1,1,14,1,14,59
6,reversal,low,0,1,-1,15,1,15,61
6,reversal,low,0,0,1,16,1,16,63
6,reversal,high,0,0,-1,15,1,15,65
6,reversal,high,0,0,1,16,1,16,67
6,reversal,high,1,1,0,17,1,17,69
6,reversal,high,1,0,1,18,1,18,71
6,reversal,high,1,1,1,19,1,19,73
6,reversal,low,0,0,1,17,1,17,75
6,reversal,low,0,0,1,18,1,18,77
6,reversal,low,1,1,0,19,1,19,79
6,reversal,low,1,1,1,20,1,20,81
6,reversal,high,1,1,1,20,1,20,83
6,reversal,low,1,0,1,21,1,21,85
6,reversal,low,0,0,0,22,1,22,87
6,reversal,high,1,1,1,21,1,21,89
6,reversal,high,1,0,1,22,1,22,91
6,reversal,low,1,1,0,23,1,23,93
6,reversal,high,1,1,1,23,1,23,95
6,reversal,high,1,1,1,24,1,24,97
6,reversal,low,1,1,1,24,1,24,99
6,reversal,low,1,1,1,25,1,25,101
6,reversal,high,1,1,1,25,1,25,103
6,reversal,low,1,0,1,26,1,26,105
6,reversal,low,1,1,1,27,1,27,107
6,reversal,low,1,1,1,28,1,28,109
6,reversal,low,1,1,1,29,1,29,111
6,reversal,high,1,1,1,26,1,26,113
6,reversal,high,1,0,1,27,1,27,115
6,reversal,high,1,1,1,28,1,28,117
6,reversal,high,1,1,1,29,1,29,119
7,learn,low,1,1,-1,0,1,0,1
7,learn,low,1,0,1,1,1,1,3
7,learn,low,1,1,1,2,1,2,5
7,learn,high,0,0,-1,0,1,0,7
7,learn,high,1,1,0,1,1,1,9
7,learn,high,0,0,0,2,1,2,11
7,learn,high,1,0,0,3,1,3,13
7,learn,low,0,1,0,3,1,3,15
7,learn,high,1,1,1,4,1,4,17
7,learn,low,0,0,1,4,1,4,19
7,learn,low,1,1,0,5,1,5,21
7,learn,high,1,1,1,5,1,5,23
7,learn,high,1,1,1,6,1,6,25
7,learn,low,1,1,1,6,1,6,27
7,learn,high,1,1,1,7,1,7,29
7,learn,high,1,0,1,8,1,8,31
7,learn,low,1,1,1,7,1,7,33
7,learn,low,1,0,1,8,1,8,35
7,learn,low,0,0,0,9,1,9,37
7,learn,high,1,1,1,9,1,9,39
7,learn,high,1,1,1,10,1,10,41
7,learn,low,0,0,1,10,1,10,43
7,learn,high,1,0,1,11,1,11,45
7,learn,high,0,0,0,12,1,12,47
7,learn,high,0,0,1,13,1,13,49
7,learn,low,1,0,0,11,1,11,51
7,learn,low,1,1,1,12,1,12,53
7,learn,low,1,1,1,13,1,13,55
7,learn,high,0,0,1,14,1,14,57
7,learn,low,1,1,1,14,1,14,59
7,reversal,low,1,1,-1,15,1,15,61
7,reversal,low,1,1,1,16,1,16,63
7,reversal,low,0,0,0,17,1,17,65
7,reversal,high,1,1,-1,15,1,15,67
7,reversal,low,0,0,1,18,1,18,69
7,reversal,high,1,1,1,16,1,16,71
7,reversal,high,1,0,1,17,1,17,73
7,reversal,high,1,1,1,18,1,18,75
7,reversal,high,1,1,1,19,1,19,77
7,reversal,low,0,0,1,19,1,19,79
7,reversal,high,1,1,1,20,1,20,81
7,reversal,low,0,0,1,20,1,20,83
7,reversal,low,0,0,1,21,1,21,85
7,reversal,high,1,1,1,21,1,21,87
7,reversal,low,0,0,1,22,1,22,89
7,reversal,high,1,1,1,22,1,22,91
7,reversal,high,1,0,1,23,1,23,93
7,reversal,high,1,1,1,24,1,24,95
7,reversal,low,0,0,1,23,1,23,97
7,reversal,low,1,1,0,24,1,24,99
7,reversal,low,0,0,0,25,1,25,101
7,reversal,low,0,0,1,26,1,26,103
7,reversal,high,1,1,1,25,1,25,105
7,reversal,high,1,0,1,26,1,26,107
7,reversal,low,1,1,0,27,1,27,109
7,reversal,high,1,1,1,27,1,27,111
7,reversal,high,0,0,0,28,1,28,113
7,reversal,low,1,1,1,28,1,28,115
7,reversal,low,1,0,1,29,1,29,117
7,reversal,high,1,1,0,29,1,29,119
8,learn,low,0,0,-1,0,1,0,1
8,learn,high,1,1,-1,0,1,0,3
8,learn,low,1,1,0,1,1,1,5
8,learn,low,1,1,1,2,1,2,7
8,learn,high,1,1,1,1,1,1,9
8,learn,high,0,0,0,2,1,2,11
8,learn,high,0,0,1,3,1,3,13
8,learn,high,1,1,0,4,1,4,15
8,learn,low,0,1,0,3,1,3,17
8,learn,low,0,0,1,4,1,4,19
8,learn,low,0,1,1,5,1,5,21
8,learn,low,0,1,1,6,1,6,23
8,learn,high,0,1,0,5,1,5,25
8,learn,high,0,0,1,6,1,6,27
8,learn,low,0,0,1,7,1,7,29
8,learn,high,1,1,0,7,1,7,31
8,learn,low,0,0,1,8,1,8,33
8,learn,low,1,1,0,9,1,9,35
8,learn,high,1,1,1,8,1,8,37
8,learn,high,1,1,1,9,1,9,39
8,learn,low,0,1,0,10,1,10,41
8,learn,high,1,0,1,10,1,10,43
8,learn,low,0,0,1,11,1,11,45
8,learn,high,1,1,1,11,1,11,47
8,learn,low,0,0,1,12,1,12,49
8,learn,high,1,1,1,12,1,12,51
8,learn,low,0,0,1,13,1,13,53
8,learn,low,1,0,0,14,1,14,55
8,learn,high,1,1,1,13,1,13,57
8,learn,high,1,1,1,14,1,14,59
8,reversal,low,1,1,-1,15,1,15,61
8,reversal,low,1,1,1,16,1,16,63
8,reversal,high,0,1,-1,15,1,15,65
8,reversal,low,0,0,0,17,1,17,67
8,reversal,low,1,1,0,18,1,18,69
8,reversal,high,1,1,0,16,1,16,71
8,reversal,low,1,0,1,19,1,19,73
8,reversal,high,1,1,1,17,1,17,75
8,reversal,high,1,1,1,18,1,18,77
8,reversal,high,1,1,1,19,1,19,79
8,reversal,high,1,1,1,20,1,20,81
8,reversal,low,1,1,1,20,1,20,83
8,reversal,high,1,1,1,21,1,21,85
8,reversal,low,0,0,0,21,1,21,87
8,reversal,high,1,1,1,22,1,22,89
8,reversal,high,1,0,1,23,1,23,91
8,reversal,low,1,1,0,22,1,22,93
8,reversal,low,1,1,1,23,1,23,95
8,reversal,low,1,1,1,24,1,24,97
8,reversal,high,1,1,1,24,1,24,99
8,reversal,low,0,0,0,25,1,25,101
8,reversal,high,1,1,1,25,1,25,103
8,reversal,high,1,0,1,26,1,26,105
8,reversal,low,0,0,1,26,1,26,107
8,reversal,high,1,1,1,27,1,27,109
8,reversal,low,0,0,1,27,1,27,111
8,reversal,low,0,0,1,28,1,28,113
8,reversal,high,1,1,1,28,1,28,115
8,reversal,low,1,1,0,29,1,29,117
8,reversal,high,1,1,1,29,1,29,119
9,learn,high,0,1,-1,0,1,0,1
9,learn,low,0,0,-1,0,1,0,3
9,learn,low,1,1,0,1,1,1,5
9,learn,low,1,1,1,2,1,2,7
9,learn,high,0,0,1,1,1,1,9
9,learn,high,1,1,0,2,1,2,11
9,learn,high,0,0,0,3,1,3,13
9,learn,high,1,1,0,4,1,4,15
9,learn,low,1,0,1,3,1,3,17
9,learn,low,1,1,1,4,1,4,19
9,learn,low,1,1,1,5,1,5,21
9,learn,high,1,1,1,5,1,5,23
9,learn,high,1,1,1,6,1,6,25
9,learn,low,1,1,1,6,1,6,27
9,learn,low,0,0,0,7,1,7,29
9,learn,high,1,1,1,7,1,7,31
9,learn,low,0,0,1,8,1,8,33
9,learn,high,1,1,1,8,1,8,35
9,learn,low,0,0,1,9,1,9,37
9,learn,high,1,0,1,9,1,9,39
9,learn,low,1,0,0,10,1,10,41
9,learn,low,1,1,1,11,1,11,43
9,learn,high,1,1,1,10,1,10,45
9,learn,high,1,1,1,11,1,11,47
9,learn,low,1,1,1,12,1,12,49
9,learn,high,0,0,0,12,1,12,51
9,learn,low,1,1,1,13,1,13,53
9,learn,low,1,1,1,14,1,14,55
9,learn,high,1,0,0,13,1,13,57
9,learn,high,1,1,1,14,1,14,59
9,reversal,high,0,1,-1,15,1,15,61
9,reversal,high,1,1,0,16,1,16,63
9,reversal,low,0,1,-1,15,1,15,65
9,reversal,high,0,0,0,17,1,17,67
9,reversal,low,0,0,1,16,1,16,69
9,reversal,high,0,0,1,18,1,18,71
9,reversal,high,1,0,0,19,1,19,73
9,reversal,low,1,1,0,17,1,17,75
9,reversal,low,1,1,1,18,1,18,77
9,reversal,low,1,1,1,19,1,19,79
9,reversal,low,1,1,1,20,1,20,81
9,reversal,high,0,0,0,20,1,20,83
9,reversal,high,1,1,0,21,1,21,85
9,reversal,low,1,1,1,21,1,21,87
9,reversal,high,1,1,1,22,1,22,89
9,reversal,low,1,1,1,22,1,22,91
9,reversal,low,0,0,0,23,1,23,93
9,reversal,high,1,0,1,23,1,23,95
9,reversal,high,1,1,1,24,1,24,97
9,reversal,low,1,0,0,24,1,24,99
9,reversal,high,1,1,1,25,1,25,101
9,reversal,low,1,0,1,25,1,25,103
9,reversal,low,1,1,1,26,1,26,105
9,reversal,high,1,1,1,26,1,26,107
9,reversal,high,1,1,1,27,1,27,109
9,reversal,low,1,1,1,27,1,27,111
9,reversal,low,1,1,1,28,1,28,113
9,reversal,low,1,1,1,29,1,29,115
9,reversal,high,1,0,1,28,1,28,117
9,reversal,high,1,1,1,29,1,29,119
